{
  "hash": "4a37a226",
  "configHash": "f65e0cd7",
  "lockfileHash": "43107d2c",
  "browserHash": "f5f4398c",
  "optimized": {
    "@angular/common": {
      "src": "../../../../../node_modules/@angular/common/fesm2022/common.mjs",
      "file": "@angular_common.js",
      "fileHash": "d37470aa",
      "needsInterop": false
    },
    "@angular/common/http": {
      "src": "../../../../../node_modules/@angular/common/fesm2022/http.mjs",
      "file": "@angular_common_http.js",
      "fileHash": "be5f80f6",
      "needsInterop": false
    },
    "@angular/core": {
      "src": "../../../../../node_modules/@angular/core/fesm2022/core.mjs",
      "file": "@angular_core.js",
      "fileHash": "5b9c744d",
      "needsInterop": false
    },
    "@angular/forms": {
      "src": "../../../../../node_modules/@angular/forms/fesm2022/forms.mjs",
      "file": "@angular_forms.js",
      "fileHash": "855ed6db",
      "needsInterop": false
    },
    "@angular/platform-browser": {
      "src": "../../../../../node_modules/@angular/platform-browser/fesm2022/platform-browser.mjs",
      "file": "@angular_platform-browser.js",
      "fileHash": "51e86b6c",
      "needsInterop": false
    },
    "@angular/router": {
      "src": "../../../../../node_modules/@angular/router/fesm2022/router.mjs",
      "file": "@angular_router.js",
      "fileHash": "53a3f207",
      "needsInterop": false
    }
  },
  "chunks": {
    "chunk-5JF5IDXD": {
      "file": "chunk-5JF5IDXD.js"
    },
    "chunk-ZWPDDIM2": {
      "file": "chunk-ZWPDDIM2.js"
    },
    "chunk-V4LNXL5F": {
      "file": "chunk-V4LNXL5F.js"
    },
    "chunk-3V2WW6I2": {
      "file": "chunk-3V2WW6I2.js"
    }
  }
}